{"CT": 0.016442097754086792, "DC": 0.016123155448530276, "DE": 0.020001807194161152, "MA": 0.020001807194161152, "MD": 0.016339082050906933, "ME": 0.013488935129550269, "NH": 0.016339082050906933, "NJ": 0.0050850282888417146, "NY": 0.004368314209454315, "PA": 0.01651377566169145, "RI": 0.020001807194161152, "VT": -0.0003584017276391815}