{"CT": 0.015447314299149244, "DC": 0.005409652310597917, "DE": -0.00021592660237665614, "MA": 0.0, "MD": 0.004536053682133466, "ME": 0.022023874761594276, "NH": 0.007125165902175771, "NJ": 0.013020292874931052, "NY": 0.028126261679424346, "PA": 0.0033133379216851774, "RI": 0.0, "VT": 0.03264505779366718}